{"root":[{"assemblyName":"Unity.Collections","nameSpace":"","className":"__JobReflectionRegistrationOutput__3151546417","methodName":"EarlyInit","loadTypes":2,"isUnityClass":true},{"assemblyName":"Unity.Collections","nameSpace":"","className":"$BurstDirectCallInitializer","methodName":"Initialize","loadTypes":2,"isUnityClass":true},{"assemblyName":"VoxelTerrain.Modules","nameSpace":"","className":"__JobReflectionRegistrationOutput__441779718","methodName":"EarlyInit","loadTypes":2,"isUnityClass":false}]}
